Index,dna_Sequence
A,TAAT
B,TAAC
C,TAAG
D,TATA
E,TATT
F,TATC
G,TATG
H,TACA
I,TACT
J,TACC
K,TACG
L,TAGA
M,TAGT
N,TAGC
O,TAGG
P,TTAA
Q,TTAT
R,TTAC
S,TTAG
T,TTTA
U,TTTT
V,TTTC
W,TTTG
X,TTCA
Y,TTCT
Z,TTCC
?,ACAC
%,ACTT
&,ACTC
?,ACTG
(,ACCA
),ACCT
",",ACGA
.,ACGC
?,AGGG
a,TCAT
b,TCAC
c,TCAG
d,TCTA
e,TCTT
f,TCTC
g,TCTG
h,TCCA
i,TCCT
j,TCCC
k,TCCG
l,TCGA
m,TCGT
n,TCGC
o,TCGG
p,TGAA
q,TGAT
r,TGAC
s,TGAG
t,TGTA
u,TGTT
v,TGTC
w,TGTG
x,TGCA
y,TGCT
z,TGCC
0,AGAA
1,AGAT
2,AGAC
3,AGAG
4,AGTA
5,AGTT
6,AGTC
7,AGTG
8,AGCA
9,AGCT
