Symbol,protein_sequence
01,GCT
02,GCC
03,GCA
04,GCG
05,TAA
06,TAG
07,TGT
08,TGC
09,GAT
10,GAC
11,GAA
12,GAG
13,TTT
14,TTC
15,GGT
16,GGC
17,GGA
18,GGG
19,CAT
20,CAC
21,ATT
22,ATC
23,ATA
24,TGA
25,AAA
26,AAG
27,CTT
28,CTC
29,CTA
30,CTG
31,ATG
32,AAT
33,AAC
34,TTA
35,TTG
36,CCT
37,CCC
38,CCA
39,CCG
40,CAA
41,CAG
42,CGT
43,CGC
44,CGA
45,CGG
46,TCT
47,TCC
48,TCA
49,TCG
50,ACT
51,ACC
52,ACA
53,ACG
54,AGA
55,AGG
56,GTT
57,GTC
58,GTA
59,GTG
60,TGG
61,AGT
62,AGC
63,TAT
64,TAC
